object_id,title,category,department,classification,culture,period,object_date,object_begin,object_end,medium,artist_name,artist_nationality,artist_begin,artist_end,accession_year,tags
237739,Saint Ignatius Loyola with an angel holding a book,western,European Sculpture and Decorative Arts,Sculpture-Bronze,,,ca. 1722,1717,1727,Bronze,Francesco Bertos,Italian,1678,1741,2010,"[""Books"", ""Angels"", ""Saints""]"
639782,War club,western,The American Wing,,"Pawnee, Native American",,ca. 1800,1795,1805,Wood and pigment,,,,,2019,
437422,Charity,western,European Paintings,Paintings,,,ca. 1630,1625,1635,Oil on canvas,Guido Reni,Italian,1575,1642,1974,"[""Children"", ""Women"", ""Allegory"", ""Nursing""]"
472562,The Fieschi Morgan Staurotheke,western,Medieval Art,Enamels-Cloisonné,Byzantine,,early 9th century,800,835,"Gilded silver, gold, enamel worked in cloisonné, and niello",,,,,1917,"[""Christ"", ""Virgin Mary"", ""Crucifixion"", ""Saints""]"
437422,Charity,western,European Paintings,Paintings,,,ca. 1630,1625,1635,Oil on canvas,Guido Reni,Italian,1575,1642,1974,"[""Children"", ""Women"", ""Allegory"", ""Nursing""]"
551786,"Book of the Dead of the Priest of Horus, Imhotep (Imuthes)",eastern,Egyptian Art,,,Early Ptolemaic Period,ca. 332–200 B.C.,-332,-200,"Papyrus, ink",,,,,1935,"[""Birds"", ""Lions"", ""Boats"", ""Hieratic""]"
329077,Head of a ruler,eastern,Ancient West Asian Art,,,Early Bronze Age,ca. 2300–2000 BCE,-2300,-2000,Copper alloy,,,,,1947,"[""Heads"", ""Men""]"
206965,Longcase astronomical regulator,eastern,European Sculpture and Decorative Arts,Horology,,,ca. 1768–70,1763,1775,"Case: oak veneered with ebony and brass, with gilt-bronze mounts; Dial: white enamel; Movement: gilded brass and steel",Ferdinand Berthoud,French,1727,1807,1982,
729644,"In proof of true love, a watercarrier skeleton arguing with a woman (Posada); two skeleton angels in upper corners (Manilla)",western,Drawings and Prints,Prints,,,ca. 1890–96,1885,1895,Type-metal engraving and letterpress,José Guadalupe Posada,Mexican,1852,1913,1946,"[""Skeletons"", ""Women""]"
310453,Nkishi (community power figure),eastern,The Michael C. Rockefeller Wing,Wood-Sculpture,Songye peoples,,19th–first half of 20th century,1800,1950,"Wood, copper, brass, iron, fiber, snakeskin, leather, fur, feathers, mud, resin",Songye artist and nganga (ritual specialist),,,,1978,"[""Men"", ""Ritual Objects""]"
329077,Head of a ruler,eastern,Ancient West Asian Art,,,Early Bronze Age,ca. 2300–2000 BCE,-2300,-2000,Copper alloy,,,,,1947,"[""Heads"", ""Men""]"
329077,Head of a ruler,eastern,Ancient West Asian Art,,,Early Bronze Age,ca. 2300–2000 BCE,-2300,-2000,Copper alloy,,,,,1947,"[""Heads"", ""Men""]"
201862,Paris,western,European Sculpture and Decorative Arts,Sculpture-Bronze,,,ca. 1518–1524,1513,1529,"Bronze, partially fire-gilt, silver inlay",Antico (Pier Jacopo Alari Bonacolsi),Italian,1460,1528,1955,"[""Apples"", ""Male Nudes""]"
853194,Daoist Master Fei Zhangfang,eastern,Asian Art,Paintings,Japan,Muromachi period (1392–1573),ca. 1555–61,1555,1561,Hanging scroll; ink on paper,Sesson Shūkei,Japanese,1504,1589,2022,
437422,Charity,western,European Paintings,Paintings,,,ca. 1630,1625,1635,Oil on canvas,Guido Reni,Italian,1575,1642,1974,"[""Children"", ""Women"", ""Allegory"", ""Nursing""]"
437422,Charity,western,European Paintings,Paintings,,,ca. 1630,1625,1635,Oil on canvas,Guido Reni,Italian,1575,1642,1974,"[""Children"", ""Women"", ""Allegory"", ""Nursing""]"
237739,Saint Ignatius Loyola with an angel holding a book,western,European Sculpture and Decorative Arts,Sculpture-Bronze,,,ca. 1722,1717,1727,Bronze,Francesco Bertos,Italian,1678,1741,2010,"[""Books"", ""Angels"", ""Saints""]"
729644,"In proof of true love, a watercarrier skeleton arguing with a woman (Posada); two skeleton angels in upper corners (Manilla)",western,Drawings and Prints,Prints,,,ca. 1890–96,1885,1895,Type-metal engraving and letterpress,José Guadalupe Posada,Mexican,1852,1913,1946,"[""Skeletons"", ""Women""]"
53172,"Three Poems from the Collection of Poems Ancient and Modern (Kokin wakashū), one of the Araki Fragments (Araki-gire)",eastern,Asian Art,Calligraphy,Japan,Heian period (ca. 900–1185),11th century,1000,1099,Page from a booklet mounted as a hanging scroll; ink on paper,Fujiwara no Yukinari (Kōzei),Japanese,0972,1027,2015,"[""Poetry""]"
317877,Processional Cross,western,The Michael C. Rockefeller Wing,Metal-Sculpture,Northern Highlands region,,14th–15th century,1300,1500,Brass,Northern Highlands artist,,,,1998,
53241,Willows and Bridge,eastern,Asian Art,Paintings,Japan,Momoyama period (1573–1615),early 17th century,1600,1615,"Pair of six-panel folding screens; ink, color, copper, gold, and gold leaf on paper",,,,,2015,"[""Bridges"", ""Plants""]"
590745,<em>Sib</em> sphinx for a barque,western,Egyptian Art,,,Late Period (Saite),ca. 664–525 BCE,-664,-525,Leaded bronze,,,,,2011,"[""Sphinx""]"
437422,Charity,western,European Paintings,Paintings,,,ca. 1630,1625,1635,Oil on canvas,Guido Reni,Italian,1575,1642,1974,"[""Children"", ""Women"", ""Allegory"", ""Nursing""]"
329077,Head of a ruler,eastern,Ancient West Asian Art,,,Early Bronze Age,ca. 2300–2000 BCE,-2300,-2000,Copper alloy,,,,,1947,"[""Heads"", ""Men""]"
317877,Processional Cross,western,The Michael C. Rockefeller Wing,Metal-Sculpture,Northern Highlands region,,14th–15th century,1300,1500,Brass,Northern Highlands artist,,,,1998,
281977,Mestanskeho Pivovaru,eastern,Photographs,Photographs,,,1994–96,1994,1996,Gelatin silver print,Patrick Faigenbaum,French,1954,9999,1996,"[""Men"", ""Portraits""]"
435621,Joan of Arc,eastern,European Paintings,Paintings,,,1879,1879,1879,Oil on canvas,Jules Bastien-Lepage,French,1848,1884,1889,"[""Gardens"", ""Joan of Arc""]"
548344,"Book of the Dead for the Chantress of Amun, Nauny",western,Egyptian Art,,,Third Intermediate Period,ca. 1050 B.C.,-1050,-1050,"Papyrus, paint",,,,,1930,"[""Hieroglyphs"", ""Anubis"", ""Horus"", ""Isis""]"
459028,Portrait of Alvise Contarini(?); (verso) A Tethered Roebuck,eastern,Robert Lehman Collection,Paintings,,,ca. 1485–95,1480,1500,Oil on wood; verso: oil and gold on wood,Jacometto (Jacometto Veneziano),Italian,1472,1498,1975,"[""Men"", ""Portraits"", ""Profiles""]"
452102,Damascus Room,western,Islamic Art,Wood,,,dated 1119 AH/1707 CE,1706,1708,"Wood (poplar) with gesso relief, gold and tin leaf, glazes and paint; wood (cypress, poplar, and mulberry), mother-of-pearl, marble and other stones, stucco with glass, plaster ceramic tiles, iron, brass",,,,,1970,
76084,The Bodhisattva Jizō,eastern,Asian Art,Sculpture,Japan,Kamakura period (1185–1333),1291,1291,1291,"Japanese cypress wood (hinoki) with polychrome pigments, gold paint (kindei), cut gold leaf (kirikane), and rock-crystal eyes",Intan,Japanese,1200,1299,2023,
53002,"Shino Tea Bowl with Bridge and Shrine, Known as “Bridge of the Gods” (Shinkyō)",eastern,Asian Art,Ceramics,Japan,Momoyama period (1573–1615),late 16th–early 17th century,1567,1633,"Stoneware with iron oxide under glaze (Mino ware, Shino type)",,,,,2015,
472562,The Fieschi Morgan Staurotheke,western,Medieval Art,Enamels-Cloisonné,Byzantine,,early 9th century,800,835,"Gilded silver, gold, enamel worked in cloisonné, and niello",,,,,1917,"[""Christ"", ""Virgin Mary"", ""Crucifixion"", ""Saints""]"
544173,Statuette of a striding man,western,Egyptian Art,,,Middle Kingdom,ca. 1919–1878 B.C.,-1919,-1878,Greywacke,,,,,1907,"[""Men""]"
551786,"Book of the Dead of the Priest of Horus, Imhotep (Imuthes)",eastern,Egyptian Art,,,Early Ptolemaic Period,ca. 332–200 B.C.,-332,-200,"Papyrus, ink",,,,,1935,"[""Birds"", ""Lions"", ""Boats"", ""Hieratic""]"
551786,"Book of the Dead of the Priest of Horus, Imhotep (Imuthes)",eastern,Egyptian Art,,,Early Ptolemaic Period,ca. 332–200 B.C.,-332,-200,"Papyrus, ink",,,,,1935,"[""Birds"", ""Lions"", ""Boats"", ""Hieratic""]"
477499,Jaharis Byzantine Lectionary,eastern,Medieval Art,Manuscripts and Illuminations,Byzantine,,ca. 1100,1100,1100,"Tempera, gold, and ink on parchment; leather binding",,,,,2007,
772738,Nandina,eastern,Asian Art,Paintings,China,,undated,1864,1957,Hanging scroll; ink and color on paper,Qi Baishi,Chinese,1864,1957,2019,
437175,Virgin and Child,eastern,European Paintings,Paintings,,,1670s,1670,1679,Oil on canvas,Bartolomé Estebán Murillo,Spanish,1617,1682,1943,"[""Madonna and Child""]"
206965,Longcase astronomical regulator,eastern,European Sculpture and Decorative Arts,Horology,,,ca. 1768–70,1763,1775,"Case: oak veneered with ebony and brass, with gilt-bronze mounts; Dial: white enamel; Movement: gilded brass and steel",Ferdinand Berthoud,French,1727,1807,1982,
200668,Sabine Houdon (1787–1836),western,European Sculpture and Decorative Arts,Sculpture,,,1788,1788,1788,White marble on gray marble socle,Jean Antoine Houdon,French,1741,1828,1950,"[""Girls"", ""Portraits""]"
437609,The Holy Family with the Young Saint John the Baptist,western,European Paintings,Paintings,,,ca. 1528,1523,1533,Oil on wood,Andrea del Sarto (Andrea d'Agnolo),Italian,1486,1530,1922,"[""Holy Family"", ""Saint John the Baptist"", ""Saint Joseph"", ""Virgin Mary"", ""Jesus""]"
551786,"Book of the Dead of the Priest of Horus, Imhotep (Imuthes)",eastern,Egyptian Art,,,Early Ptolemaic Period,ca. 332–200 B.C.,-332,-200,"Papyrus, ink",,,,,1935,"[""Birds"", ""Lions"", ""Boats"", ""Hieratic""]"
365313,Hypnerotomachia Poliphili,western,Drawings and Prints,Books,,,December 1499,1499,1499,Printed book with woodcut illustrations,Francesco Colonna,Italian,1453,1517,1923,
310453,Nkishi (community power figure),eastern,The Michael C. Rockefeller Wing,Wood-Sculpture,Songye peoples,,19th–first half of 20th century,1800,1950,"Wood, copper, brass, iron, fiber, snakeskin, leather, fur, feathers, mud, resin",Songye artist and nganga (ritual specialist),,,,1978,"[""Men"", ""Ritual Objects""]"
472562,The Fieschi Morgan Staurotheke,western,Medieval Art,Enamels-Cloisonné,Byzantine,,early 9th century,800,835,"Gilded silver, gold, enamel worked in cloisonné, and niello",,,,,1917,"[""Christ"", ""Virgin Mary"", ""Crucifixion"", ""Saints""]"
900001,Chinese Memory,eastern,Modern and Contemporary Art,Variable Media,,,2005,2005,2005,"Single-channel video, color, silent, 21 min., 12 sec.; vintage television cabinet with permanent oil marker, glass, acrylic, record cover, scroll, antennae, and books",Nam June Paik,"American, born Korea",1932,2006,2024,
436545,Manuel Osorio Manrique de Zuñiga (1784–1792),eastern,European Paintings,Paintings,,,1787–88,1787,1788,Oil on canvas,Goya (Francisco de Goya y Lucientes),Spanish,1746,1828,1949,"[""Birds"", ""Boys"", ""Portraits"", ""Cats""]"
437868,"Don Gaspar de Guzmán (1587–1645), Count-Duke of Olivares",eastern,European Paintings,Paintings,,,ca. 1636 or later,1631,1660,Oil on canvas,Juan Bautista Martínez del Mazo,Spanish,1612,1667,1952,"[""Men"", ""Portraits"", ""Horses""]"
729644,"In proof of true love, a watercarrier skeleton arguing with a woman (Posada); two skeleton angels in upper corners (Manilla)",western,Drawings and Prints,Prints,,,ca. 1890–96,1885,1895,Type-metal engraving and letterpress,José Guadalupe Posada,Mexican,1852,1913,1946,"[""Skeletons"", ""Women""]"
206965,Longcase astronomical regulator,eastern,European Sculpture and Decorative Arts,Horology,,,ca. 1768–70,1763,1775,"Case: oak veneered with ebony and brass, with gilt-bronze mounts; Dial: white enamel; Movement: gilded brass and steel",Ferdinand Berthoud,French,1727,1807,1982,
317877,Processional Cross,western,The Michael C. Rockefeller Wing,Metal-Sculpture,Northern Highlands region,,14th–15th century,1300,1500,Brass,Northern Highlands artist,,,,1998,
329077,Head of a ruler,eastern,Ancient West Asian Art,,,Early Bronze Age,ca. 2300–2000 BCE,-2300,-2000,Copper alloy,,,,,1947,"[""Heads"", ""Men""]"
437422,Charity,western,European Paintings,Paintings,,,ca. 1630,1625,1635,Oil on canvas,Guido Reni,Italian,1575,1642,1974,"[""Children"", ""Women"", ""Allegory"", ""Nursing""]"
24786,木賊兎図大小揃物 Fittings for a Pair of Swords (<i>Daishō Soroi-Mono</i>),eastern,Arms and Armor,"Sword Furniture-Fittings, Sets of",Japanese,,19th century,1801,1900,"Copper-gold alloy (<i>shakudō</i>), gold, silver, copper-silver alloy (<i>shibuichi</i>), copper",石黒政美 Ishiguro Masayoshi,Japanese,1774,1862,1948,"[""Rabbits""]"
329077,Head of a ruler,eastern,Ancient West Asian Art,,,Early Bronze Age,ca. 2300–2000 BCE,-2300,-2000,Copper alloy,,,,,1947,"[""Heads"", ""Men""]"
459028,Portrait of Alvise Contarini(?); (verso) A Tethered Roebuck,eastern,Robert Lehman Collection,Paintings,,,ca. 1485–95,1480,1500,Oil on wood; verso: oil and gold on wood,Jacometto (Jacometto Veneziano),Italian,1472,1498,1975,"[""Men"", ""Portraits"", ""Profiles""]"
317877,Processional Cross,western,The Michael C. Rockefeller Wing,Metal-Sculpture,Northern Highlands region,,14th–15th century,1300,1500,Brass,Northern Highlands artist,,,,1998,
329077,Head of a ruler,eastern,Ancient West Asian Art,,,Early Bronze Age,ca. 2300–2000 BCE,-2300,-2000,Copper alloy,,,,,1947,"[""Heads"", ""Men""]"
472562,The Fieschi Morgan Staurotheke,western,Medieval Art,Enamels-Cloisonné,Byzantine,,early 9th century,800,835,"Gilded silver, gold, enamel worked in cloisonné, and niello",,,,,1917,"[""Christ"", ""Virgin Mary"", ""Crucifixion"", ""Saints""]"
471853,Enthroned Virgin and Child,western,The Cloisters,Sculpture,French,,1150–1200,1150,1200,"Walnut with gesso, paint, tin leaf, traces of linen, and possible human remains",,,,,1967,"[""Madonna and Child""]"
438688,Saint Francis,eastern,European Paintings,Paintings,,,ca. 1600–1604,1600,1604,Oil on canvas,Federico Barocci,Italian,1535,1612,2003,"[""Books"", ""Christ"", ""Saint Francis""]"
435848,The Birth of the Virgin,eastern,European Paintings,Paintings,,,1467,1467,1467,Tempera and oil on wood,Fra Carnevale (Bartolomeo di Giovanni Corradini),Italian,1416,1484,1935,"[""Infants"", ""Men"", ""Women"", ""Saint Anne"", ""Virgin Mary""]"
53633,Autumn Trees and Grasses by a Stream,eastern,Asian Art,Paintings,Japan,Edo period (1615–1868),late 17th–early 18th century,1667,1733,"One of a pair of six-panel folding screens; ink, color, gold, and silver on paper",,,,,1915,"[""Trees"", ""Autumn"", ""Streams""]"
459028,Portrait of Alvise Contarini(?); (verso) A Tethered Roebuck,eastern,Robert Lehman Collection,Paintings,,,ca. 1485–95,1480,1500,Oil on wood; verso: oil and gold on wood,Jacometto (Jacometto Veneziano),Italian,1472,1498,1975,"[""Men"", ""Portraits"", ""Profiles""]"
310453,Nkishi (community power figure),eastern,The Michael C. Rockefeller Wing,Wood-Sculpture,Songye peoples,,19th–first half of 20th century,1800,1950,"Wood, copper, brass, iron, fiber, snakeskin, leather, fur, feathers, mud, resin",Songye artist and nganga (ritual specialist),,,,1978,"[""Men"", ""Ritual Objects""]"
551786,"Book of the Dead of the Priest of Horus, Imhotep (Imuthes)",eastern,Egyptian Art,,,Early Ptolemaic Period,ca. 332–200 B.C.,-332,-200,"Papyrus, ink",,,,,1935,"[""Birds"", ""Lions"", ""Boats"", ""Hieratic""]"
459027,"Portrait of a Woman, Possibly a Nun of San Secondo; (verso) Scene in Grisaille",western,Robert Lehman Collection,Paintings,,,ca. 1485–95,1480,1500,Oil on wood; (verso: oil and gold on wood),Jacometto (Jacometto Veneziano),Italian,1472,1498,1975,"[""Portraits"", ""Women""]"
437261,The Penitence of Saint Jerome,eastern,European Paintings,Paintings,,,ca. 1515,1510,1520,Oil on wood,Joachim Patinir,Netherlandish,1515,1524,1936,"[""Landscapes"", ""Saint Jerome"", ""Saint John the Baptist"", ""Jesus"", ""Baptism of Christ""]"
10810,Arcadia,western,The American Wing,,American,,ca. 1883,1880,1883,Oil on canvas,Thomas Eakins,American,1844,1916,1967,"[""Male Nudes"", ""Female Nudes"", ""Flutes""]"
472562,The Fieschi Morgan Staurotheke,western,Medieval Art,Enamels-Cloisonné,Byzantine,,early 9th century,800,835,"Gilded silver, gold, enamel worked in cloisonné, and niello",,,,,1917,"[""Christ"", ""Virgin Mary"", ""Crucifixion"", ""Saints""]"
329077,Head of a ruler,eastern,Ancient West Asian Art,,,Early Bronze Age,ca. 2300–2000 BCE,-2300,-2000,Copper alloy,,,,,1947,"[""Heads"", ""Men""]"
437340,"Charles Maurice de Talleyrand Périgord (1754–1838), Prince de Talleyrand",eastern,European Paintings,Paintings,,,1817,1817,1817,Oil on canvas,Pierre Paul Prud'hon,French,1758,1823,1994,"[""Men"", ""Portraits""]"
324138,Bowl with radial design of ibex horns,western,Ancient West Asian Art,,Iran,Chalcolithic,ca. 4500–4100 BCE,-4505,-4095,"Ceramic, paint",,,,,1951,
551786,"Book of the Dead of the Priest of Horus, Imhotep (Imuthes)",eastern,Egyptian Art,,,Early Ptolemaic Period,ca. 332–200 B.C.,-332,-200,"Papyrus, ink",,,,,1935,"[""Birds"", ""Lions"", ""Boats"", ""Hieratic""]"
472562,The Fieschi Morgan Staurotheke,western,Medieval Art,Enamels-Cloisonné,Byzantine,,early 9th century,800,835,"Gilded silver, gold, enamel worked in cloisonné, and niello",,,,,1917,"[""Christ"", ""Virgin Mary"", ""Crucifixion"", ""Saints""]"
435580,Christ Crowned with Thorns,eastern,European Paintings,Paintings,,,,1450,1479,"Oil, possibly over tempera, on wood",Antonello da Messina (Antonello di Giovanni d'Antonio),Italian,1430,1479,1932,"[""Christ""]"
437422,Charity,western,European Paintings,Paintings,,,ca. 1630,1625,1635,Oil on canvas,Guido Reni,Italian,1575,1642,1974,"[""Children"", ""Women"", ""Allegory"", ""Nursing""]"
551786,"Book of the Dead of the Priest of Horus, Imhotep (Imuthes)",eastern,Egyptian Art,,,Early Ptolemaic Period,ca. 332–200 B.C.,-332,-200,"Papyrus, ink",,,,,1935,"[""Birds"", ""Lions"", ""Boats"", ""Hieratic""]"
55359,Illustration of the Police Superintendent and his men Receiving Wine (Keishi kakutai e sake tamawaru mono no zu),eastern,Asian Art,Prints,Japan,Meiji period (1868–1912),September 1877,1877,1877,Triptych of woodblock prints; ink and color on paper,Tsukioka Yoshitoshi,Japanese,1839,1892,1959,"[""Men"", ""Women"", ""Drinking"", ""Police""]"
544740,Yuny and His Wife Renenutet,western,Egyptian Art,,,"New Kingdom, Ramesside",ca. 1294–1279 B.C.,-1294,-1279,"Limestone, paint",,,,,1915,"[""Couples"", ""Men"", ""Women"", ""Hieroglyphs""]"
551786,"Book of the Dead of the Priest of Horus, Imhotep (Imuthes)",eastern,Egyptian Art,,,Early Ptolemaic Period,ca. 332–200 B.C.,-332,-200,"Papyrus, ink",,,,,1935,"[""Birds"", ""Lions"", ""Boats"", ""Hieratic""]"
436311,Madonna and Child,eastern,European Paintings,Paintings,,,ca. 1480,1475,1485,"Tempera, oil, and gold on wood",Vincenzo Foppa,Italian,1456,1516,1930,"[""Madonna and Child""]"
437422,Charity,western,European Paintings,Paintings,,,ca. 1630,1625,1635,Oil on canvas,Guido Reni,Italian,1575,1642,1974,"[""Children"", ""Women"", ""Allegory"", ""Nursing""]"
310453,Nkishi (community power figure),eastern,The Michael C. Rockefeller Wing,Wood-Sculpture,Songye peoples,,19th–first half of 20th century,1800,1950,"Wood, copper, brass, iron, fiber, snakeskin, leather, fur, feathers, mud, resin",Songye artist and nganga (ritual specialist),,,,1978,"[""Men"", ""Ritual Objects""]"
39742,"The Deity Vajrabhairava, Tantric Form of the Bodhisattva Manjushri",eastern,Asian Art,Textiles-Embroidered,China,Ming dynasty (1368–1644),early 15th century,1400,1433,Silk embroidery with metal thread and horsehair on silk satin,,,,,1993,"[""Animals"", ""Birds"", ""Deities"", ""Demons""]"
472562,The Fieschi Morgan Staurotheke,western,Medieval Art,Enamels-Cloisonné,Byzantine,,early 9th century,800,835,"Gilded silver, gold, enamel worked in cloisonné, and niello",,,,,1917,"[""Christ"", ""Virgin Mary"", ""Crucifixion"", ""Saints""]"
317877,Processional Cross,western,The Michael C. Rockefeller Wing,Metal-Sculpture,Northern Highlands region,,14th–15th century,1300,1500,Brass,Northern Highlands artist,,,,1998,
208302,Dish with flowers and birds,eastern,European Sculpture and Decorative Arts,Ceramics-Porcelain-Export,,,18th century,1700,1799,Hard-paste porcelain (Jingdezhen ware),,,,,1995,"[""Birds"", ""Flowers""]"
49068,Bamboo in Snow,eastern,Asian Art,Paintings,Japan,Edo period (1615–1868),1774,1771,1774,Pair of hanging scrolls; ink on silk,Dapeng Zhengkun (Taihō Shōkon),Chinese,1691,1774,1975,"[""Bamboo""]"
729644,"In proof of true love, a watercarrier skeleton arguing with a woman (Posada); two skeleton angels in upper corners (Manilla)",western,Drawings and Prints,Prints,,,ca. 1890–96,1885,1895,Type-metal engraving and letterpress,José Guadalupe Posada,Mexican,1852,1913,1946,"[""Skeletons"", ""Women""]"
200668,Sabine Houdon (1787–1836),western,European Sculpture and Decorative Arts,Sculpture,,,1788,1788,1788,White marble on gray marble socle,Jean Antoine Houdon,French,1741,1828,1950,"[""Girls"", ""Portraits""]"
459028,Portrait of Alvise Contarini(?); (verso) A Tethered Roebuck,eastern,Robert Lehman Collection,Paintings,,,ca. 1485–95,1480,1500,Oil on wood; verso: oil and gold on wood,Jacometto (Jacometto Veneziano),Italian,1472,1498,1975,"[""Men"", ""Portraits"", ""Profiles""]"
442488,The Agony in the Garden,eastern,European Paintings,Paintings,,,1626–27,1626,1627,Oil on copper,Nicolas Poussin,French,1594,1665,2021,"[""Angels"", ""Christ"", ""Agony in the Garden""]"
459027,"Portrait of a Woman, Possibly a Nun of San Secondo; (verso) Scene in Grisaille",western,Robert Lehman Collection,Paintings,,,ca. 1485–95,1480,1500,Oil on wood; (verso: oil and gold on wood),Jacometto (Jacometto Veneziano),Italian,1472,1498,1975,"[""Portraits"", ""Women""]"
206965,Longcase astronomical regulator,eastern,European Sculpture and Decorative Arts,Horology,,,ca. 1768–70,1763,1775,"Case: oak veneered with ebony and brass, with gilt-bronze mounts; Dial: white enamel; Movement: gilded brass and steel",Ferdinand Berthoud,French,1727,1807,1982,
317877,Processional Cross,western,The Michael C. Rockefeller Wing,Metal-Sculpture,Northern Highlands region,,14th–15th century,1300,1500,Brass,Northern Highlands artist,,,,1998,
206965,Longcase astronomical regulator,eastern,European Sculpture and Decorative Arts,Horology,,,ca. 1768–70,1763,1775,"Case: oak veneered with ebony and brass, with gilt-bronze mounts; Dial: white enamel; Movement: gilded brass and steel",Ferdinand Berthoud,French,1727,1807,1982,
38452,The Death of the Buddha (Parinirvana),eastern,Asian Art,Sculpture,Pakistan (ancient region of Gandhara),Kushan period,ca. 3rd century,200,299,Schist,,,,,2015,"[""Gandhara"", ""Sadness"", ""Men"", ""Buddhism"", ""Buddha"", ""Death""]"
544740,Yuny and His Wife Renenutet,western,Egyptian Art,,,"New Kingdom, Ramesside",ca. 1294–1279 B.C.,-1294,-1279,"Limestone, paint",,,,,1915,"[""Couples"", ""Men"", ""Women"", ""Hieroglyphs""]"
281977,Mestanskeho Pivovaru,eastern,Photographs,Photographs,,,1994–96,1994,1996,Gelatin silver print,Patrick Faigenbaum,French,1954,9999,1996,"[""Men"", ""Portraits""]"
459028,Portrait of Alvise Contarini(?); (verso) A Tethered Roebuck,eastern,Robert Lehman Collection,Paintings,,,ca. 1485–95,1480,1500,Oil on wood; verso: oil and gold on wood,Jacometto (Jacometto Veneziano),Italian,1472,1498,1975,"[""Men"", ""Portraits"", ""Profiles""]"
436570,The Adoration of the Shepherds,western,European Paintings,Paintings,,,ca. 1605–10,1605,1610,Oil on canvas,El Greco (Domenikos Theotokopoulos),Greek,1540,1614,1905,"[""Cows"", ""Lambs"", ""Virgin Mary"", ""Jesus"", ""Adoration of the Shepherds""]"
436440,Cottage Children (The Wood Gatherers),western,European Paintings,Paintings,,,1787,1787,1787,Oil on canvas,Thomas Gainsborough,British,1727,1788,1950,"[""Children"", ""Boys"", ""Girls""]"
472562,The Fieschi Morgan Staurotheke,western,Medieval Art,Enamels-Cloisonné,Byzantine,,early 9th century,800,835,"Gilded silver, gold, enamel worked in cloisonné, and niello",,,,,1917,"[""Christ"", ""Virgin Mary"", ""Crucifixion"", ""Saints""]"
459027,"Portrait of a Woman, Possibly a Nun of San Secondo; (verso) Scene in Grisaille",western,Robert Lehman Collection,Paintings,,,ca. 1485–95,1480,1500,Oil on wood; (verso: oil and gold on wood),Jacometto (Jacometto Veneziano),Italian,1472,1498,1975,"[""Portraits"", ""Women""]"
544740,Yuny and His Wife Renenutet,western,Egyptian Art,,,"New Kingdom, Ramesside",ca. 1294–1279 B.C.,-1294,-1279,"Limestone, paint",,,,,1915,"[""Couples"", ""Men"", ""Women"", ""Hieroglyphs""]"
546127,Uraeus fitting from shrine,western,Egyptian Art,,,Late Period–Ptolemaic Period,664–30 B.C.,-664,-30,Cupreous metal,,,,,1941,"[""Serpents""]"
551786,"Book of the Dead of the Priest of Horus, Imhotep (Imuthes)",eastern,Egyptian Art,,,Early Ptolemaic Period,ca. 332–200 B.C.,-332,-200,"Papyrus, ink",,,,,1935,"[""Birds"", ""Lions"", ""Boats"", ""Hieratic""]"
472562,The Fieschi Morgan Staurotheke,western,Medieval Art,Enamels-Cloisonné,Byzantine,,early 9th century,800,835,"Gilded silver, gold, enamel worked in cloisonné, and niello",,,,,1917,"[""Christ"", ""Virgin Mary"", ""Crucifixion"", ""Saints""]"
195332,Desk (Secretary),western,European Sculpture and Decorative Arts,Woodwork-Furniture,,,ca. 1730–35,1725,1740,"Pine; carved, painted, gilded, and varnished linden wood decorated with colored decoupage prints; mirror glass; the inside of the fall front lined with silk not original to the secretary",,,,,1925,"[""Men"", ""Women"", ""Horses""]"
310453,Nkishi (community power figure),eastern,The Michael C. Rockefeller Wing,Wood-Sculpture,Songye peoples,,19th–first half of 20th century,1800,1950,"Wood, copper, brass, iron, fiber, snakeskin, leather, fur, feathers, mud, resin",Songye artist and nganga (ritual specialist),,,,1978,"[""Men"", ""Ritual Objects""]"
317877,Processional Cross,western,The Michael C. Rockefeller Wing,Metal-Sculpture,Northern Highlands region,,14th–15th century,1300,1500,Brass,Northern Highlands artist,,,,1998,
206965,Longcase astronomical regulator,eastern,European Sculpture and Decorative Arts,Horology,,,ca. 1768–70,1763,1775,"Case: oak veneered with ebony and brass, with gilt-bronze mounts; Dial: white enamel; Movement: gilded brass and steel",Ferdinand Berthoud,French,1727,1807,1982,
206989,Commode à vantaux,eastern,European Sculpture and Decorative Arts,Woodwork-Furniture,,,ca. 1775–79 with later alterations,1770,1784,"Oak, pine, walnut, mahogany, and cherry veneered with hornbeam (partially stained), tulipwood, walnut, holly and maple (both partially stained), boxwood, mahogany, and other woods; red brocatelle marble; gilt bronze; iron, steel, and brass",David Roentgen,German,1743,1807,1982,"[""Men"", ""Women"", ""Dogs""]"
435744,Virgin and Child with the Young Saint John the Baptist and Angels,western,European Paintings,Paintings,,,1765,1765,1765,Oil on canvas,François Boucher,French,1703,1770,1966,"[""Angels"", ""Madonna and Child"", ""Saint John the Baptist""]"
317877,Processional Cross,western,The Michael C. Rockefeller Wing,Metal-Sculpture,Northern Highlands region,,14th–15th century,1300,1500,Brass,Northern Highlands artist,,,,1998,
544186,Senwosret III as a Sphinx,western,Egyptian Art,,,Middle Kingdom,ca. 1878–1840 B.C.,-1878,-1840,Gneiss,,,,,1917,"[""Hieroglyphs"", ""Sphinx"", ""MK-Kings""]"
459028,Portrait of Alvise Contarini(?); (verso) A Tethered Roebuck,eastern,Robert Lehman Collection,Paintings,,,ca. 1485–95,1480,1500,Oil on wood; verso: oil and gold on wood,Jacometto (Jacometto Veneziano),Italian,1472,1498,1975,"[""Men"", ""Portraits"", ""Profiles""]"
590745,<em>Sib</em> sphinx for a barque,western,Egyptian Art,,,Late Period (Saite),ca. 664–525 BCE,-664,-525,Leaded bronze,,,,,2011,"[""Sphinx""]"
200668,Sabine Houdon (1787–1836),western,European Sculpture and Decorative Arts,Sculpture,,,1788,1788,1788,White marble on gray marble socle,Jean Antoine Houdon,French,1741,1828,1950,"[""Girls"", ""Portraits""]"
53449,Six Jewel Rivers from Various Provinces,eastern,Asian Art,Prints,Japan,Edo period (1615–1868),1857,1857,1857,Six woodblock prints; ink and color on paper,Utagawa Hiroshige,Japanese,1797,1858,2015,"[""Women"", ""Rivers"", ""Moon"", ""Landscapes""]"
206965,Longcase astronomical regulator,eastern,European Sculpture and Decorative Arts,Horology,,,ca. 1768–70,1763,1775,"Case: oak veneered with ebony and brass, with gilt-bronze mounts; Dial: white enamel; Movement: gilded brass and steel",Ferdinand Berthoud,French,1727,1807,1982,
544320,Stela of the Steward Mentuwoser,eastern,Egyptian Art,,,Middle Kingdom,ca. 1944 B.C.,-1944,-1944,"Limestone, paint",,,,,1912,"[""Food"", ""Men"", ""Hieroglyphs""]"
310453,Nkishi (community power figure),eastern,The Michael C. Rockefeller Wing,Wood-Sculpture,Songye peoples,,19th–first half of 20th century,1800,1950,"Wood, copper, brass, iron, fiber, snakeskin, leather, fur, feathers, mud, resin",Songye artist and nganga (ritual specialist),,,,1978,"[""Men"", ""Ritual Objects""]"
437422,Charity,western,European Paintings,Paintings,,,ca. 1630,1625,1635,Oil on canvas,Guido Reni,Italian,1575,1642,1974,"[""Children"", ""Women"", ""Allegory"", ""Nursing""]"
53007,Platter (Ōzara) with Pine Tree,eastern,Asian Art,Ceramics,Japan,Momoyama period (1573–1615),early 17th century,1600,1615,"Stoneware with underglaze iron oxide decoration (Hizen ware, Karatsu type)",,,,,2015,"[""Trees""]"
436105,The Death of Socrates,eastern,European Paintings,Paintings,,,1787,1787,1787,Oil on canvas,Jacques Louis David,French,1748,1825,1931,"[""Socrates"", ""Men"", ""Lyres""]"
437127,Bridge over a Pond of Water Lilies,eastern,European Paintings,Paintings,,,1899,1899,1899,Oil on canvas,Claude Monet,French,1840,1926,1929,"[""Bridges"", ""Ponds"", ""Water Lilies""]"
49068,Bamboo in Snow,eastern,Asian Art,Paintings,Japan,Edo period (1615–1868),1774,1771,1774,Pair of hanging scrolls; ink on silk,Dapeng Zhengkun (Taihō Shōkon),Chinese,1691,1774,1975,"[""Bamboo""]"
436896,Portrait of a Woman with a Man at a Casement,eastern,European Paintings,Paintings,,,ca. 1440,1435,1445,Tempera on wood,Fra Filippo Lippi,Italian,1406,1469,1889,"[""Men"", ""Portraits"", ""Profiles"", ""Women""]"
472562,The Fieschi Morgan Staurotheke,western,Medieval Art,Enamels-Cloisonné,Byzantine,,early 9th century,800,835,"Gilded silver, gold, enamel worked in cloisonné, and niello",,,,,1917,"[""Christ"", ""Virgin Mary"", ""Crucifixion"", ""Saints""]"
436542,"Ignacio Garcini y Queralt (1752–1825), Brigadier of Engineers",western,European Paintings,Paintings,,,1804,1804,1804,Oil on canvas,Goya (Francisco de Goya y Lucientes),Spanish,1746,1828,1955,"[""Men"", ""Portraits""]"
437422,Charity,western,European Paintings,Paintings,,,ca. 1630,1625,1635,Oil on canvas,Guido Reni,Italian,1575,1642,1974,"[""Children"", ""Women"", ""Allegory"", ""Nursing""]"
317877,Processional Cross,western,The Michael C. Rockefeller Wing,Metal-Sculpture,Northern Highlands region,,14th–15th century,1300,1500,Brass,Northern Highlands artist,,,,1998,
53655,"Ono no Komachi: Number Two (Sono ni), from the series Stylish Parodies of the Six Poetic Immortals (Fūryū yatsushi rokkasen)",eastern,Asian Art,Prints,Japan,Edo period (1615–1868),1790s,1790,1799,Woodblock print; ink and color on paper,Chōbunsai Eishi,Japanese,1756,1829,1939,"[""Fans"", ""Women""]"
435848,The Birth of the Virgin,eastern,European Paintings,Paintings,,,1467,1467,1467,Tempera and oil on wood,Fra Carnevale (Bartolomeo di Giovanni Corradini),Italian,1416,1484,1935,"[""Infants"", ""Men"", ""Women"", ""Saint Anne"", ""Virgin Mary""]"
257603,Marble head of a Ptolemaic queen,western,Greek and Roman Art,Stone Sculpture,Greek,Hellenistic,ca. 270–250 BCE,-275,-250,Marble,,,,,2002,"[""Queens"", ""Heads"", ""Women""]"
472562,The Fieschi Morgan Staurotheke,western,Medieval Art,Enamels-Cloisonné,Byzantine,,early 9th century,800,835,"Gilded silver, gold, enamel worked in cloisonné, and niello",,,,,1917,"[""Christ"", ""Virgin Mary"", ""Crucifixion"", ""Saints""]"
459028,Portrait of Alvise Contarini(?); (verso) A Tethered Roebuck,eastern,Robert Lehman Collection,Paintings,,,ca. 1485–95,1480,1500,Oil on wood; verso: oil and gold on wood,Jacometto (Jacometto Veneziano),Italian,1472,1498,1975,"[""Men"", ""Portraits"", ""Profiles""]"
56966,The Actor Segawa Kikunojō III as Wappa no Kikuō in a Woman’s “Asahina Armor Pulling” (Asahina no kusazuri-biki) Scene,eastern,Asian Art,Prints,Japan,Edo period (1615–1868),"1780 (An’ei 9), 1st month",1780,1780,Left sheet of a diptych of woodblock prints (nishiki-e); ink and color on paper,Katsukawa Shunshō　勝川春章,Japanese,1726,1792,1936,"[""Eagles"", ""Actors""]"
729644,"In proof of true love, a watercarrier skeleton arguing with a woman (Posada); two skeleton angels in upper corners (Manilla)",western,Drawings and Prints,Prints,,,ca. 1890–96,1885,1895,Type-metal engraving and letterpress,José Guadalupe Posada,Mexican,1852,1913,1946,"[""Skeletons"", ""Women""]"
53660,Ten Verses on Oxherding,eastern,Asian Art,Paintings,Japan,Kamakura period (1185–1333),1278,1185,1350,Handscroll; ink and color on paper,,,,,2015,"[""Men"", ""Ox"", ""Parables""]"
49068,Bamboo in Snow,eastern,Asian Art,Paintings,Japan,Edo period (1615–1868),1774,1771,1774,Pair of hanging scrolls; ink on silk,Dapeng Zhengkun (Taihō Shōkon),Chinese,1691,1774,1975,"[""Bamboo""]"
590745,<em>Sib</em> sphinx for a barque,western,Egyptian Art,,,Late Period (Saite),ca. 664–525 BCE,-664,-525,Leaded bronze,,,,,2011,"[""Sphinx""]"
45258,Bamboo in the Four Seasons,eastern,Asian Art,Paintings,Japan,Muromachi period (1392–1573),late 15th–early 16th century,1480,1525,"Pair of six-panel screens; ink, color, and gold leaf on paper",Tosa Mitsunobu,Japanese,1462,1525,1975,"[""Bamboo""]"
437422,Charity,western,European Paintings,Paintings,,,ca. 1630,1625,1635,Oil on canvas,Guido Reni,Italian,1575,1642,1974,"[""Children"", ""Women"", ""Allegory"", ""Nursing""]"
551786,"Book of the Dead of the Priest of Horus, Imhotep (Imuthes)",eastern,Egyptian Art,,,Early Ptolemaic Period,ca. 332–200 B.C.,-332,-200,"Papyrus, ink",,,,,1935,"[""Birds"", ""Lions"", ""Boats"", ""Hieratic""]"
206965,Longcase astronomical regulator,eastern,European Sculpture and Decorative Arts,Horology,,,ca. 1768–70,1763,1775,"Case: oak veneered with ebony and brass, with gilt-bronze mounts; Dial: white enamel; Movement: gilded brass and steel",Ferdinand Berthoud,French,1727,1807,1982,
206965,Longcase astronomical regulator,eastern,European Sculpture and Decorative Arts,Horology,,,ca. 1768–70,1763,1775,"Case: oak veneered with ebony and brass, with gilt-bronze mounts; Dial: white enamel; Movement: gilded brass and steel",Ferdinand Berthoud,French,1727,1807,1982,
544740,Yuny and His Wife Renenutet,western,Egyptian Art,,,"New Kingdom, Ramesside",ca. 1294–1279 B.C.,-1294,-1279,"Limestone, paint",,,,,1915,"[""Couples"", ""Men"", ""Women"", ""Hieroglyphs""]"
435997,The Storm,western,European Paintings,Paintings,,,1880,1880,1880,Oil on canvas,Pierre-Auguste Cot,French,1837,1883,1887,"[""Men"", ""Women""]"
729644,"In proof of true love, a watercarrier skeleton arguing with a woman (Posada); two skeleton angels in upper corners (Manilla)",western,Drawings and Prints,Prints,,,ca. 1890–96,1885,1895,Type-metal engraving and letterpress,José Guadalupe Posada,Mexican,1852,1913,1946,"[""Skeletons"", ""Women""]"
53660,Ten Verses on Oxherding,eastern,Asian Art,Paintings,Japan,Kamakura period (1185–1333),1278,1185,1350,Handscroll; ink and color on paper,,,,,2015,"[""Men"", ""Ox"", ""Parables""]"
78191,Buddha Shakyamuni,western,Asian Art,Sculpture,Central Tibet,,12th century,1100,1199,Brass with colored pigments,,,,,2012,"[""Buddhism"", ""Buddha""]"
551786,"Book of the Dead of the Priest of Horus, Imhotep (Imuthes)",eastern,Egyptian Art,,,Early Ptolemaic Period,ca. 332–200 B.C.,-332,-200,"Papyrus, ink",,,,,1935,"[""Birds"", ""Lions"", ""Boats"", ""Hieratic""]"
459027,"Portrait of a Woman, Possibly a Nun of San Secondo; (verso) Scene in Grisaille",western,Robert Lehman Collection,Paintings,,,ca. 1485–95,1480,1500,Oil on wood; (verso: oil and gold on wood),Jacometto (Jacometto Veneziano),Italian,1472,1498,1975,"[""Portraits"", ""Women""]"
49049,Cherry Blossoms,eastern,Asian Art,Paintings,Japan,Edo period (1615–1868),late 18th century,1767,1799,Hanging scroll; ink and color on paper,Matsumura Goshun,Japanese,1752,1811,1975,"[""Trees""]"
551786,"Book of the Dead of the Priest of Horus, Imhotep (Imuthes)",eastern,Egyptian Art,,,Early Ptolemaic Period,ca. 332–200 B.C.,-332,-200,"Papyrus, ink",,,,,1935,"[""Birds"", ""Lions"", ""Boats"", ""Hieratic""]"
459028,Portrait of Alvise Contarini(?); (verso) A Tethered Roebuck,eastern,Robert Lehman Collection,Paintings,,,ca. 1485–95,1480,1500,Oil on wood; verso: oil and gold on wood,Jacometto (Jacometto Veneziano),Italian,1472,1498,1975,"[""Men"", ""Portraits"", ""Profiles""]"
206965,Longcase astronomical regulator,eastern,European Sculpture and Decorative Arts,Horology,,,ca. 1768–70,1763,1775,"Case: oak veneered with ebony and brass, with gilt-bronze mounts; Dial: white enamel; Movement: gilded brass and steel",Ferdinand Berthoud,French,1727,1807,1982,
206965,Longcase astronomical regulator,eastern,European Sculpture and Decorative Arts,Horology,,,ca. 1768–70,1763,1775,"Case: oak veneered with ebony and brass, with gilt-bronze mounts; Dial: white enamel; Movement: gilded brass and steel",Ferdinand Berthoud,French,1727,1807,1982,
729644,"In proof of true love, a watercarrier skeleton arguing with a woman (Posada); two skeleton angels in upper corners (Manilla)",western,Drawings and Prints,Prints,,,ca. 1890–96,1885,1895,Type-metal engraving and letterpress,José Guadalupe Posada,Mexican,1852,1913,1946,"[""Skeletons"", ""Women""]"
435853,The Coronation of the Virgin,western,European Paintings,Paintings,,,after 1595,1595,1609,Oil on canvas,Annibale Carracci,Italian,1560,1609,1971,"[""Musical Instruments"", ""Doves"", ""Virgin Mary"", ""Gods""]"
459027,"Portrait of a Woman, Possibly a Nun of San Secondo; (verso) Scene in Grisaille",western,Robert Lehman Collection,Paintings,,,ca. 1485–95,1480,1500,Oil on wood; (verso: oil and gold on wood),Jacometto (Jacometto Veneziano),Italian,1472,1498,1975,"[""Portraits"", ""Women""]"
38006,Portrait of the Indian Monk Atisha,eastern,Asian Art,Paintings,Tibet,,early to mid-12th century,1100,1150,Distemper and gold on cloth,,,,,1993,"[""Men"", ""Portraits"", ""Buddhism"", ""Monks""]"
552793,Bust of an Administrator of the Domain of Neit,western,Egyptian Art,,,"Late Period, Saite",ca. 600 BC,-600,0,Gray/green schist,,,,,1976,"[""Men"", ""Hieroglyphs""]"
310453,Nkishi (community power figure),eastern,The Michael C. Rockefeller Wing,Wood-Sculpture,Songye peoples,,19th–first half of 20th century,1800,1950,"Wood, copper, brass, iron, fiber, snakeskin, leather, fur, feathers, mud, resin",Songye artist and nganga (ritual specialist),,,,1978,"[""Men"", ""Ritual Objects""]"
437422,Charity,western,European Paintings,Paintings,,,ca. 1630,1625,1635,Oil on canvas,Guido Reni,Italian,1575,1642,1974,"[""Children"", ""Women"", ""Allegory"", ""Nursing""]"
472562,The Fieschi Morgan Staurotheke,western,Medieval Art,Enamels-Cloisonné,Byzantine,,early 9th century,800,835,"Gilded silver, gold, enamel worked in cloisonné, and niello",,,,,1917,"[""Christ"", ""Virgin Mary"", ""Crucifixion"", ""Saints""]"
310453,Nkishi (community power figure),eastern,The Michael C. Rockefeller Wing,Wood-Sculpture,Songye peoples,,19th–first half of 20th century,1800,1950,"Wood, copper, brass, iron, fiber, snakeskin, leather, fur, feathers, mud, resin",Songye artist and nganga (ritual specialist),,,,1978,"[""Men"", ""Ritual Objects""]"
42188,Seated luohan (arhat) in a grotto,eastern,Asian Art,Jade,China,Qing dynasty (1644–1911),18th century,1700,1799,Jade (nephrite),,,,,1902,"[""Men"", ""Caves""]"
16717,Fair Critics,western,The American Wing,,American,,1887,1887,1887,Oil on canvas,Charles Courtney Curran,American,1861,1942,2014,"[""Painting"", ""Men"", ""Women"", ""Artists""]"
53660,Ten Verses on Oxherding,eastern,Asian Art,Paintings,Japan,Kamakura period (1185–1333),1278,1185,1350,Handscroll; ink and color on paper,,,,,2015,"[""Men"", ""Ox"", ""Parables""]"
316145,Finial from a Ritual Staff (Tungkot Malehat),eastern,The Michael C. Rockefeller Wing,Metal-Ornaments,Toba Batak people,,19th–early 20th century,1800,1950,"Copper alloy, resin, brass",,,,,1988,"[""Human Figures"", ""Ritual Objects""]"
317877,Processional Cross,western,The Michael C. Rockefeller Wing,Metal-Sculpture,Northern Highlands region,,14th–15th century,1300,1500,Brass,Northern Highlands artist,,,,1998,
317877,Processional Cross,western,The Michael C. Rockefeller Wing,Metal-Sculpture,Northern Highlands region,,14th–15th century,1300,1500,Brass,Northern Highlands artist,,,,1998,
459027,"Portrait of a Woman, Possibly a Nun of San Secondo; (verso) Scene in Grisaille",western,Robert Lehman Collection,Paintings,,,ca. 1485–95,1480,1500,Oil on wood; (verso: oil and gold on wood),Jacometto (Jacometto Veneziano),Italian,1472,1498,1975,"[""Portraits"", ""Women""]"
729644,"In proof of true love, a watercarrier skeleton arguing with a woman (Posada); two skeleton angels in upper corners (Manilla)",western,Drawings and Prints,Prints,,,ca. 1890–96,1885,1895,Type-metal engraving and letterpress,José Guadalupe Posada,Mexican,1852,1913,1946,"[""Skeletons"", ""Women""]"
544320,Stela of the Steward Mentuwoser,eastern,Egyptian Art,,,Middle Kingdom,ca. 1944 B.C.,-1944,-1944,"Limestone, paint",,,,,1912,"[""Food"", ""Men"", ""Hieroglyphs""]"
463795,Virgin and Child in Majesty,western,Medieval Art,Sculpture-Wood,French,,ca. 1175–1200,1175,1200,"Walnut with paint, tin relief on a lead white ground, and linen",,,,,1916,"[""Christ"", ""Madonna and Child"", ""Virgin Mary""]"
437798,The Glorification of the Barbaro Family,western,European Paintings,Paintings,,,ca. 1750,1745,1755,Oil on canvas,Giovanni Battista Tiepolo,Italian,1696,1770,1923,"[""Men"", ""Women"", ""Putti"", ""Sky""]"
310453,Nkishi (community power figure),eastern,The Michael C. Rockefeller Wing,Wood-Sculpture,Songye peoples,,19th–first half of 20th century,1800,1950,"Wood, copper, brass, iron, fiber, snakeskin, leather, fur, feathers, mud, resin",Songye artist and nganga (ritual specialist),,,,1978,"[""Men"", ""Ritual Objects""]"
317877,Processional Cross,western,The Michael C. Rockefeller Wing,Metal-Sculpture,Northern Highlands region,,14th–15th century,1300,1500,Brass,Northern Highlands artist,,,,1998,
248466,Bronze statuette of a philosopher on a lamp stand,western,Greek and Roman Art,Bronzes,Roman,"Early Imperial, Augustan",late 1st century BCE,-25,-1,Bronze,,,,,1910,"[""Men"", ""Philosophers""]"
437422,Charity,western,European Paintings,Paintings,,,ca. 1630,1625,1635,Oil on canvas,Guido Reni,Italian,1575,1642,1974,"[""Children"", ""Women"", ""Allegory"", ""Nursing""]"
729644,"In proof of true love, a watercarrier skeleton arguing with a woman (Posada); two skeleton angels in upper corners (Manilla)",western,Drawings and Prints,Prints,,,ca. 1890–96,1885,1895,Type-metal engraving and letterpress,José Guadalupe Posada,Mexican,1852,1913,1946,"[""Skeletons"", ""Women""]"
544320,Stela of the Steward Mentuwoser,eastern,Egyptian Art,,,Middle Kingdom,ca. 1944 B.C.,-1944,-1944,"Limestone, paint",,,,,1912,"[""Food"", ""Men"", ""Hieroglyphs""]"
329077,Head of a ruler,eastern,Ancient West Asian Art,,,Early Bronze Age,ca. 2300–2000 BCE,-2300,-2000,Copper alloy,,,,,1947,"[""Heads"", ""Men""]"
729644,"In proof of true love, a watercarrier skeleton arguing with a woman (Posada); two skeleton angels in upper corners (Manilla)",western,Drawings and Prints,Prints,,,ca. 1890–96,1885,1895,Type-metal engraving and letterpress,José Guadalupe Posada,Mexican,1852,1913,1946,"[""Skeletons"", ""Women""]"
44861,Poem by Kamo no Chōmei with Underpainting of Cherry Blossoms,eastern,Asian Art,Paintings,Japan,Momoyama period (1573–1615),1606,1606,1606,"Poem card (shikishi) mounted as a hanging scroll; ink, gold, and silver on paper",Hon'ami Kōetsu,Japanese,1558,1637,1975,"[""Poetry"", ""Trees""]"
312807,Guaíza,eastern,The Michael C. Rockefeller Wing,Stone-Sculpture,Taíno,,1200–1500 CE,1200,1500,Stone,Taíno artist(s),,,,1979,"[""Heads""]"
544453,Head from a Statue of King Amenhotep I,western,Egyptian Art,,,New Kingdom,ca. 1525–1504 B.C.,-1525,-1525,"Sandstone, paint",,,,,1926,"[""Kings"", ""Heads"", ""Men""]"
436180,The Natchez,eastern,European Paintings,Paintings,,,1823–24 and 1835,1823,1835,Oil on canvas,Eugène Delacroix,French,1798,1863,1989,"[""Infants"", ""Fathers"", ""Mothers"", ""Family""]"
437261,The Penitence of Saint Jerome,eastern,European Paintings,Paintings,,,ca. 1515,1510,1520,Oil on wood,Joachim Patinir,Netherlandish,1515,1524,1936,"[""Landscapes"", ""Saint Jerome"", ""Saint John the Baptist"", ""Jesus"", ""Baptism of Christ""]"
437422,Charity,western,European Paintings,Paintings,,,ca. 1630,1625,1635,Oil on canvas,Guido Reni,Italian,1575,1642,1974,"[""Children"", ""Women"", ""Allegory"", ""Nursing""]"
544740,Yuny and His Wife Renenutet,western,Egyptian Art,,,"New Kingdom, Ramesside",ca. 1294–1279 B.C.,-1294,-1279,"Limestone, paint",,,,,1915,"[""Couples"", ""Men"", ""Women"", ""Hieroglyphs""]"
437175,Virgin and Child,eastern,European Paintings,Paintings,,,1670s,1670,1679,Oil on canvas,Bartolomé Estebán Murillo,Spanish,1617,1682,1943,"[""Madonna and Child""]"
435848,The Birth of the Virgin,eastern,European Paintings,Paintings,,,1467,1467,1467,Tempera and oil on wood,Fra Carnevale (Bartolomeo di Giovanni Corradini),Italian,1416,1484,1935,"[""Infants"", ""Men"", ""Women"", ""Saint Anne"", ""Virgin Mary""]"
729644,"In proof of true love, a watercarrier skeleton arguing with a woman (Posada); two skeleton angels in upper corners (Manilla)",western,Drawings and Prints,Prints,,,ca. 1890–96,1885,1895,Type-metal engraving and letterpress,José Guadalupe Posada,Mexican,1852,1913,1946,"[""Skeletons"", ""Women""]"
472562,The Fieschi Morgan Staurotheke,western,Medieval Art,Enamels-Cloisonné,Byzantine,,early 9th century,800,835,"Gilded silver, gold, enamel worked in cloisonné, and niello",,,,,1917,"[""Christ"", ""Virgin Mary"", ""Crucifixion"", ""Saints""]"
435922,Salisbury Cathedral from the Bishop's Grounds,western,European Paintings,Paintings,,,ca. 1825,1820,1830,Oil on canvas,John Constable,British,1776,1837,1950,"[""Cathedrals"", ""Cows"", ""Trees""]"
551786,"Book of the Dead of the Priest of Horus, Imhotep (Imuthes)",eastern,Egyptian Art,,,Early Ptolemaic Period,ca. 332–200 B.C.,-332,-200,"Papyrus, ink",,,,,1935,"[""Birds"", ""Lions"", ""Boats"", ""Hieratic""]"
451270,"""Shah Jahan on a Terrace, Holding a Pendant Set With His Portrait"", Folio from the Shah Jahan Album",western,Islamic Art,Codices,,,recto: dated 1627–28; verso: ca. 1530–50,1515,1628,"Ink, opaque watercolor, and gold on paper",Chitarman,Indian,1627,1670,1955,"[""Men"", ""Portraits""]"
192770,Saint Bridget of Sweden Receiving the Rule of Her Order,western,European Sculpture and Decorative Arts,Sculpture,,,1459,1459,1459,Marble,Agostino d'Antonio di Duccio,"Italian, Florence",1418,1498,1914,"[""Women"", ""Flowers"", ""Angels"", ""Saints""]"
453673,Nan va Halva (Breads and Sweets),eastern,Islamic Art,Codices,,,ca. 1690,1665,1715,"Ink, opaque watercolor, and gold on paper
Binding: leather",Muhammad Baha' al-Din al-'Amili,"Iranian, born Syria",1547,1621,1999,"[""Birds"", ""Men"", ""Dogs""]"
857956,Mother and her Children in Front of a Freestanding Screen of a Chinese Lion,eastern,Asian Art,Prints,Japan,Edo period (1615–1868),1786,1786,1786,Woodblock print (surimono); ink and color on paper,Kitagawa Utamaro 喜多川歌麿,Japanese,1754,1806,2022,
317877,Processional Cross,western,The Michael C. Rockefeller Wing,Metal-Sculpture,Northern Highlands region,,14th–15th century,1300,1500,Brass,Northern Highlands artist,,,,1998,
475488,Panel with Hunting Scenes,western,The Cloisters,Ivories-Elephant,French,,ca. 1350,1350,1350,Ivory,,,,,2003,"[""Castles"", ""Women"", ""Hunting"", ""Deer"", ""Horses""]"
459028,Portrait of Alvise Contarini(?); (verso) A Tethered Roebuck,eastern,Robert Lehman Collection,Paintings,,,ca. 1485–95,1480,1500,Oil on wood; verso: oil and gold on wood,Jacometto (Jacometto Veneziano),Italian,1472,1498,1975,"[""Men"", ""Portraits"", ""Profiles""]"
729644,"In proof of true love, a watercarrier skeleton arguing with a woman (Posada); two skeleton angels in upper corners (Manilla)",western,Drawings and Prints,Prints,,,ca. 1890–96,1885,1895,Type-metal engraving and letterpress,José Guadalupe Posada,Mexican,1852,1913,1946,"[""Skeletons"", ""Women""]"
78191,Buddha Shakyamuni,western,Asian Art,Sculpture,Central Tibet,,12th century,1100,1199,Brass with colored pigments,,,,,2012,"[""Buddhism"", ""Buddha""]"
437609,The Holy Family with the Young Saint John the Baptist,western,European Paintings,Paintings,,,ca. 1528,1523,1533,Oil on wood,Andrea del Sarto (Andrea d'Agnolo),Italian,1486,1530,1922,"[""Holy Family"", ""Saint John the Baptist"", ""Saint Joseph"", ""Virgin Mary"", ""Jesus""]"
53242,“Butterflies”,eastern,Asian Art,Paintings,Japan,Momoyama period (1573–1615),late 16th–early 17th century,1567,1613,"Six-panel folding screen; ink, color, gold, and gold leaf on paper",Tosa Mitsuyoshi,Japanese,1539,1613,2015,"[""Men"", ""Women"", ""Trees"", ""Boats""]"
688515,Peacocks and Cherry Blossoms,eastern,Asian Art,Paintings,Japan,Taishō period (1912–26),ca. 1925,1915,1935,"Two-panel folding screen; ink, color, gold, and silver on paper",Imazu Tatsuyuki,Japanese,1900,1926,2015,"[""Peacocks""]"
310453,Nkishi (community power figure),eastern,The Michael C. Rockefeller Wing,Wood-Sculpture,Songye peoples,,19th–first half of 20th century,1800,1950,"Wood, copper, brass, iron, fiber, snakeskin, leather, fur, feathers, mud, resin",Songye artist and nganga (ritual specialist),,,,1978,"[""Men"", ""Ritual Objects""]"
437422,Charity,western,European Paintings,Paintings,,,ca. 1630,1625,1635,Oil on canvas,Guido Reni,Italian,1575,1642,1974,"[""Children"", ""Women"", ""Allegory"", ""Nursing""]"
310453,Nkishi (community power figure),eastern,The Michael C. Rockefeller Wing,Wood-Sculpture,Songye peoples,,19th–first half of 20th century,1800,1950,"Wood, copper, brass, iron, fiber, snakeskin, leather, fur, feathers, mud, resin",Songye artist and nganga (ritual specialist),,,,1978,"[""Men"", ""Ritual Objects""]"
438817,The Dance Class,eastern,European Paintings,Paintings,,,1874,1874,1874,Oil on canvas,Edgar Degas,French,1834,1917,1987,"[""Girls"", ""Men"", ""Women"", ""Students"", ""Dancers"", ""Ballet""]"
329077,Head of a ruler,eastern,Ancient West Asian Art,,,Early Bronze Age,ca. 2300–2000 BCE,-2300,-2000,Copper alloy,,,,,1947,"[""Heads"", ""Men""]"
729644,"In proof of true love, a watercarrier skeleton arguing with a woman (Posada); two skeleton angels in upper corners (Manilla)",western,Drawings and Prints,Prints,,,ca. 1890–96,1885,1895,Type-metal engraving and letterpress,José Guadalupe Posada,Mexican,1852,1913,1946,"[""Skeletons"", ""Women""]"
310453,Nkishi (community power figure),eastern,The Michael C. Rockefeller Wing,Wood-Sculpture,Songye peoples,,19th–first half of 20th century,1800,1950,"Wood, copper, brass, iron, fiber, snakeskin, leather, fur, feathers, mud, resin",Songye artist and nganga (ritual specialist),,,,1978,"[""Men"", ""Ritual Objects""]"
459027,"Portrait of a Woman, Possibly a Nun of San Secondo; (verso) Scene in Grisaille",western,Robert Lehman Collection,Paintings,,,ca. 1485–95,1480,1500,Oil on wood; (verso: oil and gold on wood),Jacometto (Jacometto Veneziano),Italian,1472,1498,1975,"[""Portraits"", ""Women""]"
53427,Six Jewel Rivers,eastern,Asian Art,Paintings,Japan,Edo period (1615–1868),ca. 1839,1829,1849,"Six handscrolls; ink, color, and gold on silk",Sakai Ōho,Japanese,1808,1841,2015,"[""Men"", ""Rivers"", ""Landscapes""]"
329077,Head of a ruler,eastern,Ancient West Asian Art,,,Early Bronze Age,ca. 2300–2000 BCE,-2300,-2000,Copper alloy,,,,,1947,"[""Heads"", ""Men""]"
436543,Josefa de Castilla Portugal y van Asbrock de Garcini (1775–about 1850),western,European Paintings,Paintings,,,1804,1804,1804,Oil on canvas,Goya (Francisco de Goya y Lucientes),Spanish,1746,1828,1955,"[""Portraits"", ""Women""]"
437423,The Immaculate Conception,western,European Paintings,Paintings,,,1627,1627,1627,Oil on canvas,Guido Reni,Italian,1575,1642,1959,"[""Angels"", ""Virgin Mary""]"
551786,"Book of the Dead of the Priest of Horus, Imhotep (Imuthes)",eastern,Egyptian Art,,,Early Ptolemaic Period,ca. 332–200 B.C.,-332,-200,"Papyrus, ink",,,,,1935,"[""Birds"", ""Lions"", ""Boats"", ""Hieratic""]"
729644,"In proof of true love, a watercarrier skeleton arguing with a woman (Posada); two skeleton angels in upper corners (Manilla)",western,Drawings and Prints,Prints,,,ca. 1890–96,1885,1895,Type-metal engraving and letterpress,José Guadalupe Posada,Mexican,1852,1913,1946,"[""Skeletons"", ""Women""]"
570719,Cat with image of Bastet on breast,eastern,Egyptian Art,,,Late Period–Ptolemaic Period,664–30 B.C.,-664,-30,Cupreous metal,,,,,1904,"[""Cats""]"
824771,Marie Antoinette in a Park,western,Drawings and Prints,Drawings,,,ca. 1780–81,1775,1786,"Black chalk, stumped, and white chalk; framing lines in black chalk",Elisabeth Louise Vigée Le Brun,French,1755,1842,2019,"[""Marie Antoinette"", ""Queens"", ""Portraits"", ""Women""]"
472562,The Fieschi Morgan Staurotheke,western,Medieval Art,Enamels-Cloisonné,Byzantine,,early 9th century,800,835,"Gilded silver, gold, enamel worked in cloisonné, and niello",,,,,1917,"[""Christ"", ""Virgin Mary"", ""Crucifixion"", ""Saints""]"
53895,Palindromic Poems (Kaibunka): Kyo,eastern,Asian Art,Prints,Japan,Edo period (1615–1868),ca. 1768,1758,1778,Right-hand sheet of a triptych of woodblock prints; ink and color on paper,Suzuki Harunobu,Japanese,1725,1770,1929,"[""Poetry"", ""Women"", ""Actors""]"
472562,The Fieschi Morgan Staurotheke,western,Medieval Art,Enamels-Cloisonné,Byzantine,,early 9th century,800,835,"Gilded silver, gold, enamel worked in cloisonné, and niello",,,,,1917,"[""Christ"", ""Virgin Mary"", ""Crucifixion"", ""Saints""]"
437508,Self-Portrait,western,European Paintings,Paintings,,,ca. 1647,1642,1652,Oil on canvas,Salvator Rosa,Italian,1615,1673,1921,"[""Skulls"", ""Men"", ""Self-portraits"", ""Writing""]"
729644,"In proof of true love, a watercarrier skeleton arguing with a woman (Posada); two skeleton angels in upper corners (Manilla)",western,Drawings and Prints,Prints,,,ca. 1890–96,1885,1895,Type-metal engraving and letterpress,José Guadalupe Posada,Mexican,1852,1913,1946,"[""Skeletons"", ""Women""]"
329077,Head of a ruler,eastern,Ancient West Asian Art,,,Early Bronze Age,ca. 2300–2000 BCE,-2300,-2000,Copper alloy,,,,,1947,"[""Heads"", ""Men""]"
459028,Portrait of Alvise Contarini(?); (verso) A Tethered Roebuck,eastern,Robert Lehman Collection,Paintings,,,ca. 1485–95,1480,1500,Oil on wood; verso: oil and gold on wood,Jacometto (Jacometto Veneziano),Italian,1472,1498,1975,"[""Men"", ""Portraits"", ""Profiles""]"
551786,"Book of the Dead of the Priest of Horus, Imhotep (Imuthes)",eastern,Egyptian Art,,,Early Ptolemaic Period,ca. 332–200 B.C.,-332,-200,"Papyrus, ink",,,,,1935,"[""Birds"", ""Lions"", ""Boats"", ""Hieratic""]"
551786,"Book of the Dead of the Priest of Horus, Imhotep (Imuthes)",eastern,Egyptian Art,,,Early Ptolemaic Period,ca. 332–200 B.C.,-332,-200,"Papyrus, ink",,,,,1935,"[""Birds"", ""Lions"", ""Boats"", ""Hieratic""]"
437422,Charity,western,European Paintings,Paintings,,,ca. 1630,1625,1635,Oil on canvas,Guido Reni,Italian,1575,1642,1974,"[""Children"", ""Women"", ""Allegory"", ""Nursing""]"
459027,"Portrait of a Woman, Possibly a Nun of San Secondo; (verso) Scene in Grisaille",western,Robert Lehman Collection,Paintings,,,ca. 1485–95,1480,1500,Oil on wood; (verso: oil and gold on wood),Jacometto (Jacometto Veneziano),Italian,1472,1498,1975,"[""Portraits"", ""Women""]"
329077,Head of a ruler,eastern,Ancient West Asian Art,,,Early Bronze Age,ca. 2300–2000 BCE,-2300,-2000,Copper alloy,,,,,1947,"[""Heads"", ""Men""]"
436543,Josefa de Castilla Portugal y van Asbrock de Garcini (1775–about 1850),western,European Paintings,Paintings,,,1804,1804,1804,Oil on canvas,Goya (Francisco de Goya y Lucientes),Spanish,1746,1828,1955,"[""Portraits"", ""Women""]"
472562,The Fieschi Morgan Staurotheke,western,Medieval Art,Enamels-Cloisonné,Byzantine,,early 9th century,800,835,"Gilded silver, gold, enamel worked in cloisonné, and niello",,,,,1917,"[""Christ"", ""Virgin Mary"", ""Crucifixion"", ""Saints""]"
329073,Seated female,western,Ancient West Asian Art,,Bactria-Margiana Archaeological Complex,Bronze Age,ca. late 3rd–early 2nd millennium BCE,-2250,-1750,"Steatite or chlorite, alabaster",,,,,1989,"[""Women""]"
38634,Crowned  Bodhisattva,eastern,Asian Art,Sculpture,"North India (Uttar Pradesh, Mathura)",late Kushan dynasty,3rd–early 4th century,200,323,Sandstone,,,,,2016,"[""Kushan"", ""Mathura"", ""Buddhism"", ""Bodhisattvas""]"
435848,The Birth of the Virgin,eastern,European Paintings,Paintings,,,1467,1467,1467,Tempera and oil on wood,Fra Carnevale (Bartolomeo di Giovanni Corradini),Italian,1416,1484,1935,"[""Infants"", ""Men"", ""Women"", ""Saint Anne"", ""Virgin Mary""]"
329077,Head of a ruler,eastern,Ancient West Asian Art,,,Early Bronze Age,ca. 2300–2000 BCE,-2300,-2000,Copper alloy,,,,,1947,"[""Heads"", ""Men""]"
435997,The Storm,western,European Paintings,Paintings,,,1880,1880,1880,Oil on canvas,Pierre-Auguste Cot,French,1837,1883,1887,"[""Men"", ""Women""]"
437153,Oedipus and the Sphinx,western,European Paintings,Paintings,,,1864,1864,1864,Oil on canvas,Gustave Moreau,French,1826,1898,1921,"[""Men"", ""Oedipus"", ""Sphinx""]"
671001,Standing Courtesan,eastern,Asian Art,Paintings,Japan,Edo period (1615–1868),ca. 1720,1710,1730,Hanging scroll; ink and color on silk,Tōsendō Rifū,Japanese,1720,1740,2015,"[""Women""]"
236688,A Hypocrite and a Slanderer,eastern,European Sculpture and Decorative Arts,Sculpture,,,ca. 1770–83,1765,1788,Tin alloy,Franz Xaver Messerschmidt,German,1736,1783,2009,"[""Heads"", ""Men""]"
544320,Stela of the Steward Mentuwoser,eastern,Egyptian Art,,,Middle Kingdom,ca. 1944 B.C.,-1944,-1944,"Limestone, paint",,,,,1912,"[""Food"", ""Men"", ""Hieroglyphs""]"
467641,The Hunters Return to the Castle (from the Unicorn Tapestries),western,The Cloisters,Textiles-Tapestries,French (cartoon)/South Netherlandish (woven),,1495–1505,1495,1505,"Wool warp with wool, silk, silver, and gilt wefts",,,,,1937,"[""Castles"", ""Spears"", ""Men"", ""Women"", ""Unicorns"", ""Dogs"", ""Horses"", ""Squirrels"", ""Death""]"
200668,Sabine Houdon (1787–1836),western,European Sculpture and Decorative Arts,Sculpture,,,1788,1788,1788,White marble on gray marble socle,Jean Antoine Houdon,French,1741,1828,1950,"[""Girls"", ""Portraits""]"
459027,"Portrait of a Woman, Possibly a Nun of San Secondo; (verso) Scene in Grisaille",western,Robert Lehman Collection,Paintings,,,ca. 1485–95,1480,1500,Oil on wood; (verso: oil and gold on wood),Jacometto (Jacometto Veneziano),Italian,1472,1498,1975,"[""Portraits"", ""Women""]"
452102,Damascus Room,western,Islamic Art,Wood,,,dated 1119 AH/1707 CE,1706,1708,"Wood (poplar) with gesso relief, gold and tin leaf, glazes and paint; wood (cypress, poplar, and mulberry), mother-of-pearl, marble and other stones, stucco with glass, plaster ceramic tiles, iron, brass",,,,,1970,
329077,Head of a ruler,eastern,Ancient West Asian Art,,,Early Bronze Age,ca. 2300–2000 BCE,-2300,-2000,Copper alloy,,,,,1947,"[""Heads"", ""Men""]"
310453,Nkishi (community power figure),eastern,The Michael C. Rockefeller Wing,Wood-Sculpture,Songye peoples,,19th–first half of 20th century,1800,1950,"Wood, copper, brass, iron, fiber, snakeskin, leather, fur, feathers, mud, resin",Songye artist and nganga (ritual specialist),,,,1978,"[""Men"", ""Ritual Objects""]"
729644,"In proof of true love, a watercarrier skeleton arguing with a woman (Posada); two skeleton angels in upper corners (Manilla)",western,Drawings and Prints,Prints,,,ca. 1890–96,1885,1895,Type-metal engraving and letterpress,José Guadalupe Posada,Mexican,1852,1913,1946,"[""Skeletons"", ""Women""]"
436440,Cottage Children (The Wood Gatherers),western,European Paintings,Paintings,,,1787,1787,1787,Oil on canvas,Thomas Gainsborough,British,1727,1788,1950,"[""Children"", ""Boys"", ""Girls""]"
53427,Six Jewel Rivers,eastern,Asian Art,Paintings,Japan,Edo period (1615–1868),ca. 1839,1829,1849,"Six handscrolls; ink, color, and gold on silk",Sakai Ōho,Japanese,1808,1841,2015,"[""Men"", ""Rivers"", ""Landscapes""]"
53429,Cherry Blossom Viewing at Itsukushima and Yoshino,eastern,Asian Art,Paintings,Japan,Edo period (1615–1868),first half 17th century,1520,1750,"Pair of six-panel folding screens; ink, color, and gold leaf on paper",,,,,2015,"[""Houses"", ""Trees""]"
189425,The Louis XV Room,western,European Sculpture and Decorative Arts,Woodwork,,,"ca. 1720–25, with later additions",1715,1730,"Carved, painted and gilded oak",Jean-François Roumier,,1758,1823,1907,
310364,Vessel with mythological scene,western,The Michael C. Rockefeller Wing,Ceramics-Containers,Maya,,600–800 CE,600,800,"Ceramic, slip",Metropolitan Painter,,0600,0800,1978,"[""Men"", ""Mythical Creatures"", ""Dogs"", ""Serpents"", ""Deities""]"
452102,Damascus Room,western,Islamic Art,Wood,,,dated 1119 AH/1707 CE,1706,1708,"Wood (poplar) with gesso relief, gold and tin leaf, glazes and paint; wood (cypress, poplar, and mulberry), mother-of-pearl, marble and other stones, stucco with glass, plaster ceramic tiles, iron, brass",,,,,1970,
53454,Two Poems from the Collection of Ancient and Modern Poems (Kokin wakashū),eastern,Asian Art,Paintings,Japan,Edo period (1615–1868),1734,1600,1870,Hanging scroll; ink on paper,Ike no Taiga,Japanese,1723,1776,2015,"[""Poetry""]"
729644,"In proof of true love, a watercarrier skeleton arguing with a woman (Posada); two skeleton angels in upper corners (Manilla)",western,Drawings and Prints,Prints,,,ca. 1890–96,1885,1895,Type-metal engraving and letterpress,José Guadalupe Posada,Mexican,1852,1913,1946,"[""Skeletons"", ""Women""]"
329077,Head of a ruler,eastern,Ancient West Asian Art,,,Early Bronze Age,ca. 2300–2000 BCE,-2300,-2000,Copper alloy,,,,,1947,"[""Heads"", ""Men""]"
206965,Longcase astronomical regulator,eastern,European Sculpture and Decorative Arts,Horology,,,ca. 1768–70,1763,1775,"Case: oak veneered with ebony and brass, with gilt-bronze mounts; Dial: white enamel; Movement: gilded brass and steel",Ferdinand Berthoud,French,1727,1807,1982,
459028,Portrait of Alvise Contarini(?); (verso) A Tethered Roebuck,eastern,Robert Lehman Collection,Paintings,,,ca. 1485–95,1480,1500,Oil on wood; verso: oil and gold on wood,Jacometto (Jacometto Veneziano),Italian,1472,1498,1975,"[""Men"", ""Portraits"", ""Profiles""]"
451725,"""The Concourse of the Birds"", Folio 11r from a Mantiq al-Tayr (Language of the Birds)",western,Islamic Art,Codices,,,ca. 1600,1575,1625,"Ink, opaque watercolor, gold, and silver on paper",Habiballah of Sava,Iranian,1565,1635,1963,"[""Cranes"", ""Ducks"", ""Poetry"", ""Men"", ""Persian"", ""Peacocks"", ""Roosters""]"
437422,Charity,western,European Paintings,Paintings,,,ca. 1630,1625,1635,Oil on canvas,Guido Reni,Italian,1575,1642,1974,"[""Children"", ""Women"", ""Allegory"", ""Nursing""]"
436836,Allegory of Music,western,European Paintings,Paintings,,,1649,1649,1649,Oil on canvas,Laurent de La Hyre,French,1606,1656,1950,"[""Birds"", ""Women"", ""Music"", ""Lutes"", ""Violins"", ""Allegory""]"
472562,The Fieschi Morgan Staurotheke,western,Medieval Art,Enamels-Cloisonné,Byzantine,,early 9th century,800,835,"Gilded silver, gold, enamel worked in cloisonné, and niello",,,,,1917,"[""Christ"", ""Virgin Mary"", ""Crucifixion"", ""Saints""]"
438821,Ia Orana Maria (Hail Mary),western,European Paintings,Paintings,,,1891,1891,1891,Oil on canvas,Paul Gauguin,French,1848,1903,1951,"[""Women"", ""Landscapes"", ""Angels"", ""Virgin Mary"", ""Jesus""]"
437422,Charity,western,European Paintings,Paintings,,,ca. 1630,1625,1635,Oil on canvas,Guido Reni,Italian,1575,1642,1974,"[""Children"", ""Women"", ""Allegory"", ""Nursing""]"
472562,The Fieschi Morgan Staurotheke,western,Medieval Art,Enamels-Cloisonné,Byzantine,,early 9th century,800,835,"Gilded silver, gold, enamel worked in cloisonné, and niello",,,,,1917,"[""Christ"", ""Virgin Mary"", ""Crucifixion"", ""Saints""]"
281977,Mestanskeho Pivovaru,eastern,Photographs,Photographs,,,1994–96,1994,1996,Gelatin silver print,Patrick Faigenbaum,French,1954,9999,1996,"[""Men"", ""Portraits""]"
816189,"”Abiding nowhere, the awakened mind arises”",eastern,Asian Art,Calligraphy,Japan,Kamakura (1185–1333) or Nanbokuchō (1336–92) period,early to mid-14th century,1333,1350,Hanging scroll; ink on paper,Musō Soseki,Japanese,1275,1351,2018,
729644,"In proof of true love, a watercarrier skeleton arguing with a woman (Posada); two skeleton angels in upper corners (Manilla)",western,Drawings and Prints,Prints,,,ca. 1890–96,1885,1895,Type-metal engraving and letterpress,José Guadalupe Posada,Mexican,1852,1913,1946,"[""Skeletons"", ""Women""]"
438821,Ia Orana Maria (Hail Mary),western,European Paintings,Paintings,,,1891,1891,1891,Oil on canvas,Paul Gauguin,French,1848,1903,1951,"[""Women"", ""Landscapes"", ""Angels"", ""Virgin Mary"", ""Jesus""]"
451270,"""Shah Jahan on a Terrace, Holding a Pendant Set With His Portrait"", Folio from the Shah Jahan Album",western,Islamic Art,Codices,,,recto: dated 1627–28; verso: ca. 1530–50,1515,1628,"Ink, opaque watercolor, and gold on paper",Chitarman,Indian,1627,1670,1955,"[""Men"", ""Portraits""]"
437873,"Philip IV (1605–1665), King of Spain",eastern,European Paintings,Paintings,,,probably 1624,1624,1624,Oil on canvas,Velázquez (Diego Rodríguez de Silva y Velázquez),Spanish,1599,1660,1914,"[""Kings"", ""Philip IV"", ""Men"", ""Portraits""]"
436244,Virgin and Child with Saint Anne,eastern,European Paintings,Paintings,,,probably 1519,1519,1519,Oil on linden,Albrecht Dürer,German,1471,1528,1914,"[""Madonna and Child"", ""Saint Anne""]"
206965,Longcase astronomical regulator,eastern,European Sculpture and Decorative Arts,Horology,,,ca. 1768–70,1763,1775,"Case: oak veneered with ebony and brass, with gilt-bronze mounts; Dial: white enamel; Movement: gilded brass and steel",Ferdinand Berthoud,French,1727,1807,1982,
551786,"Book of the Dead of the Priest of Horus, Imhotep (Imuthes)",eastern,Egyptian Art,,,Early Ptolemaic Period,ca. 332–200 B.C.,-332,-200,"Papyrus, ink",,,,,1935,"[""Birds"", ""Lions"", ""Boats"", ""Hieratic""]"
472562,The Fieschi Morgan Staurotheke,western,Medieval Art,Enamels-Cloisonné,Byzantine,,early 9th century,800,835,"Gilded silver, gold, enamel worked in cloisonné, and niello",,,,,1917,"[""Christ"", ""Virgin Mary"", ""Crucifixion"", ""Saints""]"
551786,"Book of the Dead of the Priest of Horus, Imhotep (Imuthes)",eastern,Egyptian Art,,,Early Ptolemaic Period,ca. 332–200 B.C.,-332,-200,"Papyrus, ink",,,,,1935,"[""Birds"", ""Lions"", ""Boats"", ""Hieratic""]"
310453,Nkishi (community power figure),eastern,The Michael C. Rockefeller Wing,Wood-Sculpture,Songye peoples,,19th–first half of 20th century,1800,1950,"Wood, copper, brass, iron, fiber, snakeskin, leather, fur, feathers, mud, resin",Songye artist and nganga (ritual specialist),,,,1978,"[""Men"", ""Ritual Objects""]"
437422,Charity,western,European Paintings,Paintings,,,ca. 1630,1625,1635,Oil on canvas,Guido Reni,Italian,1575,1642,1974,"[""Children"", ""Women"", ""Allegory"", ""Nursing""]"
78191,Buddha Shakyamuni,western,Asian Art,Sculpture,Central Tibet,,12th century,1100,1199,Brass with colored pigments,,,,,2012,"[""Buddhism"", ""Buddha""]"
206965,Longcase astronomical regulator,eastern,European Sculpture and Decorative Arts,Horology,,,ca. 1768–70,1763,1775,"Case: oak veneered with ebony and brass, with gilt-bronze mounts; Dial: white enamel; Movement: gilded brass and steel",Ferdinand Berthoud,French,1727,1807,1982,
329077,Head of a ruler,eastern,Ancient West Asian Art,,,Early Bronze Age,ca. 2300–2000 BCE,-2300,-2000,Copper alloy,,,,,1947,"[""Heads"", ""Men""]"
816189,"”Abiding nowhere, the awakened mind arises”",eastern,Asian Art,Calligraphy,Japan,Kamakura (1185–1333) or Nanbokuchō (1336–92) period,early to mid-14th century,1333,1350,Hanging scroll; ink on paper,Musō Soseki,Japanese,1275,1351,2018,
472562,The Fieschi Morgan Staurotheke,western,Medieval Art,Enamels-Cloisonné,Byzantine,,early 9th century,800,835,"Gilded silver, gold, enamel worked in cloisonné, and niello",,,,,1917,"[""Christ"", ""Virgin Mary"", ""Crucifixion"", ""Saints""]"
466085,"Capital with Angels Holding the Veil of Saint Veronica, with a Column",eastern,Medieval Art,Sculpture-Architectural,North Italian,,ca. 1325–75,1325,1375,Limestone with traces of polychromy,,,,,1981,"[""Faces"", ""Angels""]"
471730,Saint Michael,western,The Cloisters,Paintings-Panels,North Spanish,,1450–1500,1450,1500,Tempera and oil on wood,Master of Belmonte,Spanish,1455,1490,1955,"[""Saint Michael"", ""Demons""]"
310453,Nkishi (community power figure),eastern,The Michael C. Rockefeller Wing,Wood-Sculpture,Songye peoples,,19th–first half of 20th century,1800,1950,"Wood, copper, brass, iron, fiber, snakeskin, leather, fur, feathers, mud, resin",Songye artist and nganga (ritual specialist),,,,1978,"[""Men"", ""Ritual Objects""]"
329077,Head of a ruler,eastern,Ancient West Asian Art,,,Early Bronze Age,ca. 2300–2000 BCE,-2300,-2000,Copper alloy,,,,,1947,"[""Heads"", ""Men""]"
729644,"In proof of true love, a watercarrier skeleton arguing with a woman (Posada); two skeleton angels in upper corners (Manilla)",western,Drawings and Prints,Prints,,,ca. 1890–96,1885,1895,Type-metal engraving and letterpress,José Guadalupe Posada,Mexican,1852,1913,1946,"[""Skeletons"", ""Women""]"
459028,Portrait of Alvise Contarini(?); (verso) A Tethered Roebuck,eastern,Robert Lehman Collection,Paintings,,,ca. 1485–95,1480,1500,Oil on wood; verso: oil and gold on wood,Jacometto (Jacometto Veneziano),Italian,1472,1498,1975,"[""Men"", ""Portraits"", ""Profiles""]"
560727,Statuette of Taweret,eastern,Egyptian Art,,,New Kingdom,ca. 1550–1504 B.C.,-1550,-1550,"Limestone, paint",,,,,1926,"[""Taweret""]"
551786,"Book of the Dead of the Priest of Horus, Imhotep (Imuthes)",eastern,Egyptian Art,,,Early Ptolemaic Period,ca. 332–200 B.C.,-332,-200,"Papyrus, ink",,,,,1935,"[""Birds"", ""Lions"", ""Boats"", ""Hieratic""]"
435817,The Crucifixion with the Virgin and Saint John,western,European Paintings,Paintings,,,ca. 1624–25,1624,1625,Oil on canvas,Hendrick ter Brugghen,Dutch,1588,1629,1956,"[""Skulls"", ""Christ"", ""Saint John the Evangelist"", ""Virgin Mary"", ""Crucifixion""]"
365313,Hypnerotomachia Poliphili,western,Drawings and Prints,Books,,,December 1499,1499,1499,Printed book with woodcut illustrations,Francesco Colonna,Italian,1453,1517,1923,
577369,Tomb Chapel of Raemkai: West Wall,eastern,Egyptian Art,,,Old Kingdom,ca. 2446–2389 B.C.,-2446,-2389,"Limestone, paint",,,,,1908,"[""Animals"", ""Birds"", ""Men"", ""Working""]"
317877,Processional Cross,western,The Michael C. Rockefeller Wing,Metal-Sculpture,Northern Highlands region,,14th–15th century,1300,1500,Brass,Northern Highlands artist,,,,1998,
313658,Female figure (’otua fefine),western,The Michael C. Rockefeller Wing,Bone/Ivory-Sculpture,Ha'apai Islands,,Early 19th century,1800,1840,Whale ivory,,,,,1979,"[""Female Nudes""]"
435851,The Meditation on the Passion,eastern,European Paintings,Paintings,,,ca. 1490,1485,1495,Oil and tempera on wood,Vittore Carpaccio,Italian,1460,1526,1911,"[""Skulls"", ""Men"", ""Christ"", ""Saint Jerome"", ""Job""]"
439844,Heroic Landscape with Rainbow,western,European Paintings,Paintings,,,1824,1824,1824,Oil on canvas,Joseph Anton Koch,Austrian,1768,1839,2008,"[""Animals"", ""Men"", ""Women"", ""Landscapes"", ""Rainbows""]"
459028,Portrait of Alvise Contarini(?); (verso) A Tethered Roebuck,eastern,Robert Lehman Collection,Paintings,,,ca. 1485–95,1480,1500,Oil on wood; verso: oil and gold on wood,Jacometto (Jacometto Veneziano),Italian,1472,1498,1975,"[""Men"", ""Portraits"", ""Profiles""]"
544740,Yuny and His Wife Renenutet,western,Egyptian Art,,,"New Kingdom, Ramesside",ca. 1294–1279 B.C.,-1294,-1279,"Limestone, paint",,,,,1915,"[""Couples"", ""Men"", ""Women"", ""Hieroglyphs""]"
310453,Nkishi (community power figure),eastern,The Michael C. Rockefeller Wing,Wood-Sculpture,Songye peoples,,19th–first half of 20th century,1800,1950,"Wood, copper, brass, iron, fiber, snakeskin, leather, fur, feathers, mud, resin",Songye artist and nganga (ritual specialist),,,,1978,"[""Men"", ""Ritual Objects""]"
312336,Gwandusu,western,The Michael C. Rockefeller Wing,Wood-Sculpture,Bamana peoples,,15th–17th century,1400,1699,"Wood (Cordyla africana or Lonchocarpus), applied organic materials",Bamana numu (blacksmith),,,,1979,"[""Infants"", ""Mothers""]"
206965,Longcase astronomical regulator,eastern,European Sculpture and Decorative Arts,Horology,,,ca. 1768–70,1763,1775,"Case: oak veneered with ebony and brass, with gilt-bronze mounts; Dial: white enamel; Movement: gilded brass and steel",Ferdinand Berthoud,French,1727,1807,1982,
39482,Mandala of Wakamiya of Kasuga Shrine (Kasuga wakamiya mandara),eastern,Asian Art,Paintings,Japan,Nanbokuchō period (1336–92),early 14th century,1300,1333,"Hanging scroll; ink, color, gold, and cut gold on silk",,,,,1997,"[""Swords"", ""Lotuses"", ""Buddhism"", ""Deities""]"
544186,Senwosret III as a Sphinx,western,Egyptian Art,,,Middle Kingdom,ca. 1878–1840 B.C.,-1878,-1840,Gneiss,,,,,1917,"[""Hieroglyphs"", ""Sphinx"", ""MK-Kings""]"
285646,"Volcanic Islands in Mono Lake, California",eastern,Photographs,Photographs,,,1868,1868,1868,Albumen silver print from glass negative,Timothy H. O'Sullivan,"American, born Ireland",1840,1882,2005,"[""Lakes"", ""Landscapes""]"
729644,"In proof of true love, a watercarrier skeleton arguing with a woman (Posada); two skeleton angels in upper corners (Manilla)",western,Drawings and Prints,Prints,,,ca. 1890–96,1885,1895,Type-metal engraving and letterpress,José Guadalupe Posada,Mexican,1852,1913,1946,"[""Skeletons"", ""Women""]"
551786,"Book of the Dead of the Priest of Horus, Imhotep (Imuthes)",eastern,Egyptian Art,,,Early Ptolemaic Period,ca. 332–200 B.C.,-332,-200,"Papyrus, ink",,,,,1935,"[""Birds"", ""Lions"", ""Boats"", ""Hieratic""]"
437133,Garden at Sainte-Adresse,eastern,European Paintings,Paintings,,,1867,1867,1867,Oil on canvas,Claude Monet,French,1840,1926,1967,"[""Gardens"", ""Men"", ""Women"", ""Seas"", ""Boats""]"
552850,Uraeus decoration from shrine,western,Egyptian Art,,,New Kingdom–Late Period,ca. 1550–332 B.C.,-1550,-332,Bronze,,,,,1941,
459027,"Portrait of a Woman, Possibly a Nun of San Secondo; (verso) Scene in Grisaille",western,Robert Lehman Collection,Paintings,,,ca. 1485–95,1480,1500,Oil on wood; (verso: oil and gold on wood),Jacometto (Jacometto Veneziano),Italian,1472,1498,1975,"[""Portraits"", ""Women""]"
436947,Boating,eastern,European Paintings,Paintings,,,1874,1874,1874,Oil on canvas,Edouard Manet,French,1832,1883,1929,"[""Men"", ""Women"", ""Boats""]"
